,Method,TP,FP,FN,TN,Precision,Recall,F1-score
0,randfor: n_estimators=100 max_depth=3 min_samples_split=16,2812.4,18703.4,1663.6,32172.4,0.13070192325773736,0.6282969957268087,0.2163791888427466
1,randfor: n_estimators=100 max_depth=5 min_samples_split=16,2775.2,17218.8,1700.8,33657.0,0.13878580910517835,0.6199701651814774,0.22679030983942794
2,randfor: n_estimators=100 max_depth=8 min_samples_split=16,2695.6,15842.6,1780.4,35033.2,0.14539571393680814,0.6022023484494062,0.2342286911134189
3,randfor: n_estimators=100 max_depth=10 min_samples_split=16,2618.2,14906.2,1857.8,35969.6,0.1493949146399042,0.5849140475014517,0.2379875609283093
4,randfor: n_estimators=100 max_depth=15 min_samples_split=16,2301.6,11791.2,2174.4,39084.6,0.16328261337728203,0.5141717983556219,0.24784667391768989
5,randfor: n_estimators=100 max_depth=20 min_samples_split=16,1899.8,8974.4,2576.2,41901.4,0.17468725817433237,0.42438924530650457,0.24748337414118743
6,randfor: n_estimators=100 max_depth=25 min_samples_split=16,1597.4,7069.0,2878.6,43806.8,0.18433347232184993,0.3568582539578954,0.24307565536169123
