,Method,TP,FP,FN,TN,Precision,Recall,F1-score
0,randfor: n_estimators=100 max_depth=3 min_samples_split=2,2811.8,18694.8,1664.2,32181.0,0.1307263648633332,0.62814773145767,0.2164041069797785
1,randfor: n_estimators=100 max_depth=5 min_samples_split=2,2773.0,17185.6,1703.0,33690.2,0.1389236904293527,0.6194776702242968,0.22694018776816077
2,randfor: n_estimators=100 max_depth=8 min_samples_split=2,2703.2,15893.0,1772.8,34982.8,0.14535681587429752,0.6038899617564782,0.2343003526532228
3,randfor: n_estimators=100 max_depth=10 min_samples_split=2,2618.2,14836.8,1857.8,36039.0,0.1499858569777367,0.5849264804225144,0.2387410328473954
4,randfor: n_estimators=100 max_depth=15 min_samples_split=2,2283.2,11715.0,2192.8,39160.8,0.16308222359762797,0.5100561389613276,0.24713439644397123
5,randfor: n_estimators=100 max_depth=20 min_samples_split=2,1878.0,8811.4,2598.0,42064.4,0.17564908705263693,0.4195275567783151,0.24760676734216686
6,randfor: n_estimators=100 max_depth=25 min_samples_split=2,1553.4,6858.6,2922.6,44017.2,0.18466351378358986,0.3470285359808593,0.24104419186492415
